borough,mae,mape,count
Boston,82.07220065817539,30.989438976596134,4360
