borough,mae,mape,count
Bronx,59.39577281120421,38.485557902544585,972
Brooklyn,64.0292971748052,33.164792286072284,10540
Manhattan,115.06972644019426,33.887125637520285,13395
Queens,58.99509156509955,35.82574031390447,4671
Staten Island,43.77244248908972,33.37691209448493,332
