borough,mae,mape,count
Sf,127.52558673955959,31.033531565511225,7242
