room_type,mae,mape,count
Entire Home/Apt,94.00705077142615,29.584023433815737,16808
Hotel Room,165.76254147121432,19.353979751673744,520
Private Room,71.81503828120357,41.01642900754812,12364
Shared Room,45.279029487772384,22.323968426174083,218
