room_type,mae,mape,count
Entire Home/Apt,94.00705077142612,29.58402343381572,16808
Hotel Room,165.76254147121423,19.35397975167374,520
Private Room,71.81503828120357,41.01642900754812,12364
Shared Room,45.279029487772384,22.32396842617409,218
