feature,VIF
const,217.95784147213112
bedrooms,2.3861782969468486
beds,2.4245313207889247
review_scores_rating,1.0456463100965323
host_is_superhost,1.0737120858895586
