feature,VIF
const,161.85045069773912
bedrooms,1.6795354997956526
beds,1.688335496055958
review_scores_rating,1.018083661078067
host_is_superhost,1.0245602705759966
