feature,VIF
const,228.77828592605184
bedrooms,2.1999481558322835
beds,2.1988329023393627
review_scores_rating,1.040439657309223
host_is_superhost,1.0375618245981124
